<?xml version="1.0" encoding="UTF-8"?>

<beans xmlns="http://www.springframework.org/schema/beans"
    xmlns:xsi="http://www.w3.org/2001/XMLSchema-instance"
    xsi:schemaLocation="http://www.springframework.org/schema/beans
      http://www.springframework.org/schema/beans/spring-beans.xsd">

    <bean id="aspect" class="com.apress.prospring4.ch5.MessageWrapper"
        factory-method="aspectOf">
        <property name="prefix">
            <value>The Prefix</value>
        </property>
        <property name="suffix">
            <value>The Suffix</value>
        </property>
    </bean>
</beans>
