<?xml version="1.0" encoding="UTF-8"?>
<beans xmlns="http://www.springframework.org/schema/beans"
       xmlns:xsi="http://www.w3.org/2001/XMLSchema-instance"
       xmlns:context="http://www.springframework.org/schema/context"
       xmlns:jdbc="http://www.springframework.org/schema/jdbc"
       xmlns:tx="http://www.springframework.org/schema/tx"
       xmlns:jpa="http://www.springframework.org/schema/data/jpa"
       xmlns:aop="http://www.springframework.org/schema/aop"
       xsi:schemaLocation="http://www.springframework.org/schema/jdbc
        http://www.springframework.org/schema/jdbc/spring-jdbc.xsd
        http://www.springframework.org/schema/beans 
        http://www.springframework.org/schema/beans/spring-beans.xsd
        http://www.springframework.org/schema/tx 
        http://www.springframework.org/schema/tx/spring-tx.xsd
        http://www.springframework.org/schema/data/jpa 
        http://www.springframework.org/schema/data/jpa/spring-jpa.xsd
        http://www.springframework.org/schema/context 
        http://www.springframework.org/schema/context/spring-context.xsd
        http://www.springframework.org/schema/aop 
        http://www.springframework.org/schema/aop/spring-aop.xsd">

    <aop:config>
        <aop:pointcut id="serviceOperation" expression=
                "execution(* com.apress.prospring4.ch9.*ServiceImpl.*(..))"/>
        <aop:advisor pointcut-ref="serviceOperation" advice-ref="txAdvice"/>
    </aop:config>

    <tx:advice id="txAdvice">
        <tx:attributes>
            <tx:method name="find*" read-only="true"/>
            <tx:method name="count*" propagation="NEVER"/>
            <tx:method name="*"/>
        </tx:attributes>
    </tx:advice>

    <jdbc:embedded-database id="dataSource" type="H2">
        <jdbc:script location="classpath:META-INF/config/schema.sql"/>
        <jdbc:script location="classpath:META-INF/config/test-data.sql"/>
    </jdbc:embedded-database>

    <bean id="transactionManager" class="org.springframework.orm.jpa.JpaTransactionManager">
        <property name="entityManagerFactory" ref="emf"/>
    </bean>

    <bean id="emf" class="org.springframework.orm.jpa.LocalContainerEntityManagerFactoryBean">
        <property name="dataSource" ref="dataSource" />
        <property name="jpaVendorAdapter">
            <bean class="org.springframework.orm.jpa.vendor.HibernateJpaVendorAdapter" />
        </property>
        <property name="packagesToScan" value="com.apress.prospring4 "/>
        <property name="jpaProperties">
            <props>
                <prop key="hibernate.dialect">
                    org.hibernate.dialect.H2Dialect
                </prop>
                <prop key="hibernate.max_fetch_depth">3</prop>
                <prop key="hibernate.jdbc.fetch_size">50</prop>
                <prop key="hibernate.jdbc.batch_size">10</prop>
                <prop key="hibernate.show_sql">true</prop>
            </props>
        </property>
    </bean>

    <context:component-scan
            base-package="com.apress.prospring4.ch9 " />

    <jpa:repositories base-package="com.apress.prospring4.ch9 "
                      entity-manager-factory-ref="emf"
                      transaction-manager-ref="transactionManager"/>
</beans>
