<?xml version="1.0" encoding="UTF-8"?>

<beans xmlns="http://www.springframework.org/schema/beans"
    xmlns:xsi="http://www.w3.org/2001/XMLSchema-instance"
    xsi:schemaLocation="http://www.springframework.org/schema/beans
        http://www.springframework.org/schema/beans/spring-beans.xsd">

    <bean id="methodReplacer" class="com.apress.prospring4.ch3.FormatMessageReplacer"/>
    
    <bean id="replacementTarget" class="com.apress.prospring4.ch3.ReplacementTarget">
        <replaced-method name="formatMessage" replacer="methodReplacer">
            <arg-type>String</arg-type>
        </replaced-method>
    </bean>
    
    <bean id="standardTarget" class="com.apress.prospring4.ch3.ReplacementTarget"/>
</beans>
