<?xml version="1.0" encoding="UTF-8"?>

<beans xmlns="http://www.springframework.org/schema/beans"
    xmlns:xsi="http://www.w3.org/2001/XMLSchema-instance"
    xmlns:c="http://www.springframework.org/schema/c"
    xmlns:p="http://www.springframework.org/schema/p"
    xsi:schemaLocation="http://www.springframework.org/schema/beans
        http://www.springframework.org/schema/beans/spring-beans.xsd">

    <bean id="target1" class="com.apress.prospring4.ch3.SimpleTarget" 
        p:val-ref="injectBeanParent"/> 

    <bean id="target2" class="com.apress.prospring4.ch3.SimpleTarget"
        p:val-ref="injectBean"/>

    <bean id="target3" class="com.apress.prospring4.ch3.SimpleTarget">
        <property name="val">
            <ref parent="injectBean"/>
        </property> 
    </bean>

    <bean id="injectBean" class="java.lang.String" c:_0="Child In Bean"/>
</beans>
