<?xml version="1.0" encoding="UTF-8"?>
<beans:beans xmlns="http://www.springframework.org/schema/security"
             xmlns:beans="http://www.springframework.org/schema/beans"
             xmlns:xsi="http://www.w3.org/2001/XMLSchema-instance"
             xsi:schemaLocation="http://www.springframework.org/schema/beans
        http://www.springframework.org/schema/beans/spring-beans.xsd
        http://www.springframework.org/schema/security
        http://www.springframework.org/schema/security/spring-security.xsd">

    <http pattern="/restful/**" create-session="stateless">
        <intercept-url pattern='/**' access='ROLE_REMOTE' />
        <http-basic />
    </http>

    <authentication-manager>
        <authentication-provider>
            <user-service>
                <user name="remote" password="remote" authorities="ROLE_REMOTE" />
            </user-service>
        </authentication-provider>
    </authentication-manager>
</beans:beans>
