<?xml version="1.0" encoding="UTF-8"?>

<beans xmlns="http://www.springframework.org/schema/beans"
    xmlns:xsi="http://www.w3.org/2001/XMLSchema-instance" 
    xmlns:context="http://www.springframework.org/schema/context"
    xmlns:tx="http://www.springframework.org/schema/tx"
    xmlns:p="http://www.springframework.org/schema/p" 
    xmlns:jdbc="http://www.springframework.org/schema/jdbc"
    xmlns:util="http://www.springframework.org/schema/util"
    xsi:schemaLocation="
      http://www.springframework.org/schema/jdbc 
      http://www.springframework.org/schema/jdbc/spring-jdbc.xsd
      http://www.springframework.org/schema/beans 
      http://www.springframework.org/schema/beans/spring-beans.xsd
      http://www.springframework.org/schema/tx 
      http://www.springframework.org/schema/tx/spring-tx.xsd
      http://www.springframework.org/schema/util 
      http://www.springframework.org/schema/util/spring-util.xsd
      http://www.springframework.org/schema/context 
      http://www.springframework.org/schema/context/spring-context.xsd">

    <jdbc:embedded-database id="dataSource" type="H2">
        <jdbc:script location="classpath:META-INF/sql/schema.sql"/>
        <jdbc:script location="classpath:META-INF/sql/test-data.sql"/>
    </jdbc:embedded-database>
    
    <bean id="transactionManager"
      class="org.springframework.orm.hibernate4.HibernateTransactionManager" 
        p:sessionFactory-ref="sessionFactory"/>
    
    <tx:annotation-driven/>

    <context:component-scan base-package="com.apress.prospring4.ch7"/>

    <bean id="sessionFactory"
      class="org.springframework.orm.hibernate4.LocalSessionFactoryBean"
          p:dataSource-ref="dataSource"
          p:packagesToScan="com.apress.prospring4.ch7"
          p:hibernateProperties-ref="hibernateProperties"/>

    <util:properties id="hibernateProperties">
        <prop key="hibernate.dialect">org.hibernate.dialect.H2Dialect</prop>
        <prop key="hibernate.max_fetch_depth">3</prop>
        <prop key="hibernate.jdbc.fetch_size">50</prop>
        <prop key="hibernate.jdbc.batch_size">10</prop>
        <prop key="hibernate.show_sql">true</prop>
    </util:properties>
</beans>
