<?xml version="1.0" encoding="UTF-8"?>
<beans xmlns="http://www.springframework.org/schema/beans"
       xmlns:xsi="http://www.w3.org/2001/XMLSchema-instance"
       xmlns:context="http://www.springframework.org/schema/context"
       xmlns:p="http://www.springframework.org/schema/p"
       xsi:schemaLocation="http://www.springframework.org/schema/beans
        http://www.springframework.org/schema/beans/spring-beans.xsd
        http://www.springframework.org/schema/context 
        http://www.springframework.org/schema/context/spring-context.xsd">

    <context:annotation-config/>

    <bean id="conversionService" class="org.springframework.context.support.ConversionServiceFactoryBean">
        <property name="converters">
            <list>
                <bean class="com.apress.prospring4.ch10.StringToDateTimeConverter"/>
                <bean class="com.apress.prospring4.ch10.ContactToAnotherContactConverter"/>
            </list>
        </property>
    </bean>

    <bean id="chris" class="com.apress.prospring4.ch10.Contact"
          p:firstName="Chris"
          p:lastName="Schaefer"
          p:birthDate="1981-05-03"
          p:personalSite="http://www.dtzq.com"/>
</beans>
