<?xml version="1.0" encoding="UTF-8"?>

<beans xmlns="http://www.springframework.org/schema/beans"
      xmlns:xsi="http://www.w3.org/2001/XMLSchema-instance"
      xmlns:aop="http://www.springframework.org/schema/aop"
      xsi:schemaLocation="http://www.springframework.org/schema/beans
          http://www.springframework.org/schema/beans/spring-beans.xsd
          http://www.springframework.org/schema/aop
          http://www.springframework.org/schema/aop/spring-aop.xsd">

    <aop:config>
        <aop:pointcut id="fooExecution" 
            expression="execution(* com.apress.prospring4.ch5..foo*(int))"/>

        <aop:aspect ref="advice">
            <aop:before pointcut-ref="fooExecution" 
                method="simpleBeforeAdvice"/>
        </aop:aspect>
    </aop:config>

    <bean id="advice" class="com.apress.prospring4.ch5.MyAdvice"/>

    <bean id="myDependency"  
        class="com.apress.prospring4.ch5.MyDependency"/>

    <bean id="myBean" class="com.apress.prospring4.ch5.MyBean">
        <property name="dep" ref="myDependency"/>
    </bean>
</beans>
